hostile people see hostility all around them are ready to lash out in a moment but peaceful people find kindness,4
for perman haters we wants per man we want pet man india wants per man india love per man india support,4
well you tried to save our jobs with the furlough scheme sadly not enough like many i,4
the living jesus wants to heal your hostility toward god and toward people search the joy of early christianity b,4
i m feeling more vexed livid angry i m quite done with the back and fourth yes and no no doubt then d,4
thanks for the warning not what are you doing also they could easily social distance but no they,4
monday mornings are the worst aren t they share a moan with moanrantwhine rant whine moan moan day angry fed up tweet it out,4
try to practice these few techniques to appropriately handle situations where customers may ask you something that,4
my car has been at the dealer for 10 days dealer won t look into fixing it because you all,4
fa help me get my art published come vote here click i d want one galveston texas gal vest,4
holy shit she has her at gunpoint karen karens gone wild super foods angry crazy karma,4
my 72 yo father thinks is fine to go by car to spain with his colleague for work my mum is a high risk category,4
brown all are biased get angry and make mistakes our question as a living,4
sa i have now officially given up on esko m and have no choice but to do things my way 4 d,4
new blog entry tired and angry sick not weak chronic pain angry,4
good morning twitter world good morning huma inbeing proud love is love respect life angry,4
i wanned to do some quick sketches of sally so i did that i love trying to show emotions on sal s face even tho he litte,4
child abandonment charlotte atlanta charleston nc sc richmond harrisburg raleigh,4
the best fighter is never angry lao tzu stay safe morning good morning hospitality hotels hotelier,4
and who staed this thread and literalt asked for it hatred angry mad,4
sta your stand up comedy career for 7 99 purchase link c,4
awesome can t wait to see you rage angry army,4
this really sums up 14 months out of my life so many emotions sad angry diss a pointed frustrated but this i m cer,4
sta your stand up comedy career for 7 99 purchase link c charlotte,4
child abandonment charlotte atlanta charleston nc sc richmond harrisburg raleigh m ke a,4
this really sums up 14 months out of my life so many emotions sad angry diss a pointed frustrated but this i m,4
child abandonment charlotte atlanta charleston nc sc richmond harrisburg raleigh m ke a,4
child abandonment charlotte atlanta charleston nc sc richmond harrisburg raleigh,4
sta your stand up comedy career for 7 99 purchase link c,4
waht do u thnk black cat catur day cat soft witter cats angry renga r,4
how you doin angry ex aust ed hopeful america hope hicks bid en trump election 2 0 2 0 vote elections are marathons no,4
waht do u thnk black cat catur day cat soft witter cats angry renga r,4
waht do u thnk black cat catur day cat soft witter cats angry renga r,4
don t you make me angry you r cool,4
for perman haters we wants per man we want pet man india wants per man india love per man india support,4
waht do u thnk black cat catur day cat soft witter cats angry renga r,4
is it just my feed or are supporters always angry i thought america was great again i t,4
so theres hope not all blacks have been brainwashed into angry racist black supremacists dey finally wakeup,4
baby boy this is what happened to generations that are handed an identity participation trophies sacrificed noth,4
cdn i saw your tweet friday agenda not up at that time special meeting q must be about agenda so,4
who do u think u are to let me without the zoom of posts you just lost a great user angry disappointed,4
cdn i saw your tweet friday agenda not up at that time special meeting q must be about agen,4
is it just my feed or are supporters always angry i thought america was great again i the usa,4
hi i have a complaint becuase you need to fix your app as it charged me for royalty even though it exp,4
i wanned to do some quick sketches of sally so i did that i love trying to show emotions on sal s face even tho he litte,4
a taco chain said it s closing during the coronavirus pandemic because of angry,4
yes i am very angry that people lied about me online in previous posts i m no longer angry now,4
i am not angry it s my face pets bunny my face angry,4
who is q we the people are patriots digital soldiers we are the community that wants our country ies back from the deep st,4
fix your fucking dumbass game balance or your damn servers because if someone gets to 1 clip me,4
storm clouds with a ray of sun right at the top storm storm clouds angry dark clouds view views of inst agram,4
is your god kind or vengeful loving or angry welcoming or judgmental it makes a huge difference on you y,4
not a rain cloud in the sky but my curtains are up telling me it s raining biggest single regret of our barn bu,4
i m wondering how much more these breakdowns will last i m literally tired of being nobody for 20 years alone sad horny angry,4
i m watching callums new vid but don t tell him cos i want him to be angry innit,4
ffs what callous c nts they genuinely give no f cks about anyone apart from themselves and their chums angry,4
why does your app freeze and just load and load and gives so much issues to send a simple transaction angry,4
frustrated sad angry to see professionals being treated as second class citizens because they are women in,4
how you doin angry ex aust ed hopeful america hope hicks bid en trump election 2 0 2 0 vote elections are marath,4
my angry punk carp front todays session love being back on the bank fishing carp y smile,4
we just left that scene sad angry,4
hey girl heyyy mizzbettie13 kay tee may h angry af h angry hungry af hungry and angry angry af angry,4
self for every minute you remain angry you give up sixty seconds of peace emerson cle,4
i m not even american and this makes me angry get a grip asshole tru,4
i m not even american and this makes me angry get a grip asshole trump,4
more trouble for pti govt 12 pti mnas angry with govt refused to attend pm s dinner 2 angry attend dinner,4
self for every minute you remain angry you give up sixty seconds of peace emerson cle,4
anybody else get hangry when they haven t eaten all day hungry angry,4
beverly hills facing criticism after arrests of 28 peaceful protesters the usual hypocrisy of the left the privileges,4
do you have a collect green bins page cos we been waiting 9 days now in en4 why do you charge us 70 for a,4
i am not angry it s my face pets bunny my face angry,4
do you have a collect green bins page cos we been waiting 9 days now in en4 why do you charge us,4
the whole us seems to be collapsing on itself crazy angry people everywhere but i m over here just wanting to buy,4
beverly hills facing criticism after arrests of 28 peaceful protesters the usual hypocrisy of the left the,4
i will call ur parents angry stressed,4
i see parler is going well with the trumper crowd passwords special characters angry,4
thank you so much for providing us a very useful information angry bap uji tips health tips,4
i am not angry it s my face pets bunny my face angry,4
mr president we are angry at the madness going around in the country the consititution,4
i am not angry it s my face pets bunny my face angry,4
anyone can become angry that is easy but to be angry with the right person to the right degree at the right tim,4
sick of pollution noise nuisance disturbance 5 years of not getting it rig,4
young birds claming for food birds spring angry beautiful nature animal,4
normalize spamming hashtags mad angry this ismy rights,4
for perman haters we wants per man we want pet man india wants per man india love per man india support,4
i m almost boring myself typing tory corruption tories let people die etc etc etc but i m not giving up being angry,4
whoever said you can t be angry forever lied,4
war can be fun for certain people it s a magnet for sadists losers and angry dreamers richard engel,4
mr president we are angry at the madness going around in the country the consititution,4
anybody else feel because dominic cun ming s went for a drive and people r angry about it they ve just thrown the shelter e,4
mr president we are angry at the madness going around in the country the consititution,4
when u think u know someone then u find out the truth angry,4
mr president we are angry at the madness going around in the country the consititution,4
mood cute cat bunny angry mood funny cutie,4
mood cute cat bunny angry mood funny cutie,4
mr president we are angry at the madness going around in the country the consititution,4
mr president we are angry at the madness going around in the country the consititution,4
mr president we are angry at the madness going around in the country the consititution,4
mr president we are angry at the madness going around in the country the consititution,4
angry he that will be angry for anything will be angry for nothing sallust,4
whadidido mad mean angry girlfriend m emes girlfriend dating fight,4
i hate them i am manifestign soooooo much negative energy im so homophobic rigjt now anger angry wrath war,4
i am taking home this angry bean what should i name her cats cat kittens kitten kitty pets pet meow,4
anybody else feel because dominic cun ming s went for a drive and people r angry about it they ve just thrown the shelter e,4
quenda southern brown bandicoot angry sound mix short quenda southern brown bandicoot bandicoot australian animals,4
quenda southern brown bandicoot angry sound mix short quenda southern brown bandicoot bandicoot australian animals,4
ohanlon planet pro,4
you need some hard type beats check this link beats beat stars beats 4 s a l e lof i beats beats mus,4
just watched the salisbury poisonings on catch up fucking putin and russians are a disgrace we should have done mor,4
adeyemi king but please what us the meaning of this what is stamp duty first they removed 100 naira 200 naira 45,4
will their brand ever recover angry,4
do not let the sun go down while you are still angry ephesians 4 26 sundown angry relax jesus smile real faith te,4
049 staff the barrier between the almighty stars and their anxious and mortal fans 0 0 d a y s 2 0 2 0,4
adeyemi king but please what us the meaning of this what is stamp duty first they removed 100 naira 200 naira 45,4
2020 election will be a contest of the angry zero hedge,4
adeyemi king but please what us the meaning of this what is stamp duty first they removed 100 naira 200 naira 45,4
adeyemi king but please what us the meaning of this what is stamp duty first they removed 100 naira 200 naira 45,4
so angry rn parler banned my good chrisrian mom posts because for some reason it went against their guidelines,4
adeyemi king but please what us the meaning of this what is stamp duty first they removed 100 naira 200 naira 45,4
but please what us the meaning of this what is stamp duty first they removed 100 naira 200 naira,4
overwhelmed with bs rn lmao hate fm l life sucks depression depressed sad mad angry upset frustrated annoying bothered kms km a,4
fa help me get my art published come vote here click i d want one galveston texas gal vest,4
this fireworks are really annoying our dogs are freaking out it s 11am wtf fireworks angry puss ed,4
i m angry but you know so what,4
i wanned to do some quick sketches of sally so i did that i love trying to show emotions on sal s face even tho he litte,4
my father suffered alone in the hospital with no advocates ventilators 2 times i was not allowed at his,4
you need some hard type beats check this link beats beat stars beats 4 s a l e lof i beats beats mus,4
you need some hard type beats check this link beats beat stars beats 4 s a l e lof i beats,4
who s angry and mean now karens gone wild,4
an angry woman can pack everything she owns in an hour but it will take her a week to pack for vacation,4
2020 election will be a contest of the angry via,4
quenda southern brown bandicoot angry sound mix short quenda southern brown bandicoot bandicoot australian animals,4
is scared of the angry mob that will be coming for him in carson city and in 0 2 2 if he doesn t give,4
where are our republicans why are they letting the democrats domestic terrorists run this sh t show,4
terrible inhuman my parents were told that about my sis 70 years ago they said put her in a home forget about h,4
quenda southern brown bandicoot angry sound mix short quenda southern brown bandicoot bandicoot australian animals,4
quenda southern brown bandicoot angry sound mix short quenda southern brown bandicoot bandicoot,4
still angry about this post,4
you got some splaining to do west world scoring competition 2 0 2 0 angry,4
im an angsty preteen now anger step h hatred angry jess rah a mad hate fuck,4
i wanned to do some quick sketches of sally so i did that i love trying to show emotions on sal s face even tho he litte,4
steph angsty teen agenda hate red angry scene fuck,4
president trump nominated william perry pendley who has served as the acting head of the bureau of land of management,4
calm down caleb south africa capetown me me lol angry western cape jo zit o stellenbosch,4
angry defeat disease together end this nightmare rage after reading the news lately i m sick and tired of 2020 an,4
be not the slave of your moods but their master but if u are so angry so depressed so sore that your spirit,4
why are all the magas so angry and unhappy it must be sad going through life like that angry maga morons rip donald trump,4
angry bird angry bird canary can rio gri j,4
grrgah gahh shvshs fk looser angst skulls im the best angry,4
if wells fargo received stimulus money it must ve been to man the teams that foreclose on the people who took adva,4
angry bird angry bird canary can rio gri j,4
amid covid 19 surge us stuck with same horrible choice as in start via no wonder,4
amid covid 19 surge us stuck with same horrible choice as in start via n,4
she gotta be from florida weed humor cannabis community de bo comedy weed stag ram 4 2 0 humor comedy,4
sudanese asylum seeker a disgusting act of violence was angry very hungry park inn hotel glasgow well,4
dylan s bloodrush i think dylan overreacted a little after his little comedy show drawed on 14 april 2020 spe,4
for perman haters we wants per man we want pet man india wants per man india love per man india support,4
this little hog had a plastic ring around its neck the hog had continued growing despite the plastic and the smell of,4
this little hog had a plastic ring around its neck the hog had continued growing despite the plastic and the smell,4
don t get angry at those who d do you harm they re already in great pain and anger doesn t help them or you e,4
i fucking hate these kinds of scummy people fuck this guy and he s not getting the benefit of a retweet piece of,4
be limitless but only on the side that matters life cautious fear critical angry competitive jealous,4
never make a decision out of anger or you ll end up regretting it sooner or later anger issues angry decision,4
what s going on with people covid 19 has made people angry,4
sool realistic drawings just eyes artists on twitter sketches sketchbook artists drawing realism eyes angry serious h,4
i m a big dicked bisexual so all ya all can get fucked angry confident me bisexual funny one liner big dick,4
ani old animation i did that made me giggle justin r asch animation funny giggle grilled cheese cooking silly cute a,4
how long does it take to get a paid for token angry electricity bill ume me,4
let s sum up situation almost all claims from side those women sound like ok google i am fallen woman and i am,4
nole core when you bring up the 0 12 season angry southern gentlemens sports shoe,4
help more,4
hollow words from ben mu lr one y insincerity white privilege wip ipo sabbatical vacation angry no,4
wtf is their endless for making these films when so many creatives bipoc gotta hustle big time to even get a 5,4
disgusted with the constant lag in gameplay in fifa 2 0 online friendlies my internet conne,4
yeh it s israel s fault i feel a bit constipated today tbh angry,4
rob baker beast mode strength training fit over 4 0 gym motivation fit fam bearded viking power,4
another one from the other day me having a strop contains offensive language beast mode strength training fit ov,4
just choked up yes i really did i really don t want to be part of the human race if this is what we have b,4
angry florida karen screams covid fb theories video via this woman is a,4
president trump nominated william perry pendley who has served as the acting head of the bureau of land of management,4
realistic drawings just eyes artists on twitter sketches sketchbook artists drawing realism eyes angry,4
any suggestions welcome as to how to get rid of anger without being violent or breaking plates cups etc angry,4
pinner,4
it s the 4 year leak iversery update still searching for the bastard who leaked our test footage onto the internet c,4
the name of three angry birds jay jake and jim made by me hope you love this angry birds angry birds movie,4
dep olor able brits in the uk are being demonised by the scummed ia and the police their contributions to the infr,4
is taking views from us again i m not disrespecting black pink but stay gold have the views of ages ago,4
i hate being unimportant to the people who are most important to me unknown tags sad told sad damn depress io,4
if someone says im tired please check up on them they are mentally tired ik it tags sad told sad damn depr,4
president trump nominated william perry pendley who has served as the acting head of the bureau of land of management,4
don t get angry at those who d do you harm they re already in great pain and anger doesn t help them or you,4
listen to hi white privileged i am white i also got suffocated by police officers by grandpa jim,4
ani old animation i did that made me giggle justin r asch animation funny giggle grilled cheese cooking silly cute a,4
listen to hi white privileged i am white i also got suffocated by police officers by grandpa jim,4
hollow words from ben mu lr one y insincerity white privilege wip ipo sabbatical vacation,4
specter anger issues mad anime angry art drawing story,4
carroll1 don t make it worse franco bought these and they re no whit they say they are angry is no th,4
mr president we are angry at the madness going around in the country the consititution,4
this is an outright threat to eradicate our mustangs and burros from this earth angry save our wildhorse sand burros wild ho,4
angry go go go go go go go go go go whos next,4
vagrancy comics i got this comic comics web comic web comics cartoon art humor,4
president trump nominated william perry pendley who has served as the acting head of the bureau of land of management,4
president trump nominated william perry pendley who has served as the acting head of the bureau of land of management,4
why the frack is the pushing that there will be a cfl season this year 1 heath wise it is irrespons,4
president trump nominated william perry pendley who has served as the acting head of the bureau of land of management,4
insert inspirational quote here winter snow trees landscape photography something cooler nature forest,4
president trump nominated william perry pendley who has served as the acting head of the bureau of land of management,4
still waiting frustrated angry poor customer service,4
dr mrs the monarch check the link in my bio for more corn nell artist erotic art erotica er tica comic art,4
before young in desire aloud with an angry god their comfort seem d corporal melted,4
dr mrs the monarch check the link in my bio for more corn nell artist erotic art erotica er tica comic art,4
this is an outright threat to eradicate our mustangs and burros from this earth angry save our wildhorse sand burros,4
president trump nominated william perry pendley who has served as the acting head of the bureau of land of management,4
president trump nominated william perry pendley who has served as the acting head of the bureau of land of management,4
president trump nominated william perry pendley who has served as the acting head of the bureau of land of management,4
president trump nominated william perry pendley who has served as the acting head of the bureau of land of management,4
hello tony woke up from sleeping angry,4
president trump nominated william perry pendley who has served as the acting head of the bureau of land of management,4
president trump nominated william perry pendley who has served as the acting head of the bureau of land of management,4
president trump nominated william perry pendley who has served as the acting head of the bureau of land of managem,4
i m actually hearing impaired so if i don t do something right away when you tell me it s because i probably didn,4
i m actually hearing impaired so if i don t do something right away when you tell me it s because i probably didn,4
virginie despentes makes france angry but things are changing virginie de spent es france,4
ahhh honey don t be angry show us on the anger iceberg which emotion s you re really feeling bu,4
saw a lot of debri,4
every minute you get angry you lose sixty seconds of happiness writing out loud writing writers,4
so angry been saying this since the grinch got elected lol true story,4
2 bags collected take your dog to work doing our bit beach clean dog walk take ithome pu,4
organise oh 4 goodness sake we were organised we busted a gut all day every day 4 corbyn for 4yrs but labour coup mps,4
organise oh 4 goodness sake we were organised we busted a gut all day every day 4 corbyn for 4yrs but labour coup mps,4
organise oh 4 goodness sake we were organised we busted a gut all day every day 4 corbyn for 4yrs but labour coup mps,4
organise oh 4 goodness sake we were organised we busted a gut all day every day 4 corbyn for 4yrs but labour coup mps,4
organise oh 4 goodness sake we were organised we busted a gut all day every day 4 corbyn for 4yrs but labour coup mps,4
organise oh 4 goodness sake we were organised we busted a gut all day every day 4 corbyn for 4yrs but labour coup mps,4
organise oh 4 goodness sake we were organised we busted a gut all day every day 4 corbyn for 4yrs but labour coup mps,4
organise oh 4 goodness sake we were organised we busted a gut all day every day 4 corbyn for 4yrs but labour,4
commission for an thro furry furry art furry drawing digital art digital drawing digital art anthropo m,4
commission for an thro furry furry art furry drawing digital art digital drawing digital art anthropo m,4
commission for an thro furry furry art furry drawing digital art digital drawing digital art anthropo m,4
commission for an thro furry furry art furry drawing digital art digital drawing digital art,4
still waiting frustrated angry poor customer service,4
set of cute bee mascot emoji different face expressions angry animal baby,4
so there was this guy who yelled at me for wearing a mask right outside save on in north vancouver so today i realised,4
so there was this guy who yelled at me for wearing a mask right outside save on in north vancouver so today i,4
trump pence taking credit for the hard work of american citizens,4
i m really proud of my angry mouse and less proud of my wtf cat,4
hopefully this will reassure some of you action is being taken and the behaviour seen this week will not be tolerated i,4
that might work or angry chat hits m,4
black lives matter george floyd elijah mcclain was murdered angry how about you blk hs athletes etc when you re being scoute,4
jeremiah 33 2 3 i am known as the lord i say to you 3 call on me in prayer and i will answer you i will show,4
what happened in tamil nadu is plain horrific have we really become such barbaric monsters this must be investig,4
why have you never held a sweet box you then become a servant have some shame madam or is it that on,4
yes i am still punished for speaking up about what did happen to me survivor domestic violence attacked cyber bull,4
hopefully this will reassure some of you action is being taken and the behaviour seen this week will not be tolerated i,4
yes i am still punished for speaking up about what did happen to me survivor domestic violence attacked,4
time to sleep angry,4
ia angry bird photography eagle bird birds angry wildlife,4
hopefully this will reassure some of you action is being taken and the behaviour seen this week will not be tolerated i,4
what an absolute joke vodafone is 2 weeks 3 replacement sim cards 1 lost in post of 2 invalid so not working h,4
stole my meme angry,4
frankly i am tired because of your neglect a lot angry,4
hopefully this will reassure some of you action is being taken and the behaviour seen this week will not be tolera,4
black lives matter george floyd elijah mcclain was murdered angry how about you blk hs athletes etc when you re bei,4
mr president we are angry at the madness going around in the country the consititution,4
absolutely disguised with apples customers service this is the 3rd time i ve having to send my laptop off i have n,4
his hand looks like the emo angry meme,4
i ve only met about 3 or 4 people that understand me everyone else assumes i m either angry sarcastic or just an a hole,4
walked out before the cup presentation angry,4
2 bags collected take your dog to work doing our bit beach clean dog walk take ithome pu,4
we have been working the whole time often longer hours than normal both in and out,4
mr president we are angry at the madness going around in the country the consititution,4
activities for angry worried kids,4
i think she s angry cause she hasn t made it into the series yet or it s the uniform cute girl angry,4
mr president we are angry at the madness going around in the country the consititution,4
asia zq excuse me and why so you are speak,4
no broken neck no blood or saliva from nose and mouth no tongue outside his mouth something is wrong with this,4
completely fed up with yes banks service need help frustrated angry,4
2 bags collected take your dog to work doing our bit beach clean dog walk,4
tag them in the comments angry humor funny comedy chill good vibes mask co splay,4
yesss what happened yesterday was complete and utter selfishness not only from not social distancin,4
plan blood group and health list of good and bad products for my health a small step back to balance,4
angry bby aesthetic trap boys fem boy fem boy friday angry cute co splay,4
i shouldn t be shocked by the scenes at bournemouth over the last couple of days at my age but i really,4
i m banned from this section of beach till october my humans pick up after me so we leave no waste or rubbish my humans,4
i hate to say it but i feel like man city will absolutely turn us over on sunday angry fac up,4
mr president we are angry at the madness going around in the country the consititution,4
like everyone else i ve had to give up things this year becasue of coronavirus no o,4
mr president we are angry at the madness going around in the country the consititution,4
mr president we are angry at the madness going around in the country the consititution,4
mr president we are angry at the madness going around in the country the consititution,4
mr president we are angry at the madness going around in the country the consititution,4
mr president we are angry at the madness going around in the country the consititution,4
mr president we are angry at the madness going around in the country the consititution,4
mr president we are angry at the madness going around in the country the consititution,4
mr president we are angry at the madness going around in the country the consititution,4
i wanned to do some quick sketches of sally so i did that i love trying to show emotions on sal s face even tho he litte,4
if i haven t gone through nearly four months of isolation for these morons to risk a second wave of covid heard,4
specter anger issues mad anime angry art drawing story,4
specter anger issues mad anime angry art drawing story,4
anger issues mad anime angry art drawing story,4
i know i shouldn t feel so angry at this picture but i do anyone with me retro gaming retro nintendo,4
i have had enough of ea angry,4
i m disabled this is a old new truth i knew i m still reckoning with because of my diagnosis,4
a zealot s convictions laid bare i can t believe this lt expletive deleted gt has been tooling around maryland with co,4
i know i have friends but i feel like i have no one to talk to about the shit that goes in my head unknown ignore tags,4
i m angry angry about how ppl i respected have shown their true colors during this administration angry about 12,4
just for reminder you ever make me down on my knee just for begging you you making me like a fool feel heart angry 6 j u n e 2 0 2 0,4
just finished one of the angriest mini workout ever angry workouts fitness author storyteller hawaii,4
yes this has me angry save communities don t use it t,4
i know i shouldn t feel so angry at this picture but i do anyone with me retro gaming retro nintendo,4
why isn t there a dylan s ipad account upset confused angry,4
road rage happens when idiots awake angry rage idiots full throttle tv,4
expect trump to veto it just because pouting moping golfing angry vengeful trumps not well,4
are you single handedly trying to turn nevada back to red seems that way you are losing a lot of voters g,4
yes this has me angry save communities don t use it t,4
yes this has me angry save communities don t use i,4
local drunk gets really angry when he wasn t able to drink his beer 9th pint he had forgotten he had a face mask on,4
thinking abt seijoh loss again feeling angry mad upset resentful,4
thinking abt seijoh loss again feeling angry mad upset resentful,4
yes they are very desperate and this make them even more dangerous it will be an ugly summer and a very very ang r,4
yes they are very desperate and this make them even more dangerous it will be an ugly summer and a very very ang r,4
so i wrote a blog about my frustration with wearing a mask be sure to read to the end and get the punchline,4
i wanned to do some quick sketches of sally so i did that i love trying to show emotions on sal s face even tho he litte,4
friends family meanwhile back at the farm 29 states report spikes 3 states report record daily numbers,4
don t fucking ask for my opinion if your going to reject it especially if i m only parroting what you said yesterday pissed angry,4
logo for sale logo logos logo design logo designer sale sales animal bird owl night dark,4
thanks to melissa reeves i m really considering not watching day so four lives anymore racist angry,4
yes they are very desperate and this make them even more dangerous it will be an ugly summer and a very very ang r,4
are you single handedly trying to turn nevada back to red seems that way you are losing a lot of voters g,4
are you single handedly trying to turn nevada back to red seems that way you are losing a lot of voters g,4
are you single handedly trying to turn nevada back to red seems that way you are losing a lot of voters g,4
are you single handedly trying to turn nevada back to red seems that way you are losing a lot of,4
they still lost me a tenner angry,4
i wanned to do some quick sketches of sally so i did that i love trying to show emotions on sal s face even tho he litte,4
yesterday my wife crashed with our flyer bike because part of her pants got caught in the disk brake danger ou,4
yes they are very desperate and this make them even more dangerous it will be an ugly summer and a very very ang r,4
spoke to a lovely lady on the phone this afternoon who promised to email us back today either way,4
covid 1 9 made me angry upset and bitter just like everybody else i want this damn pandemic to end frustrated,4
i don t like bearers of bad news who tells the bad news fuck the bearers of bad news that means you tamara thi,4
yes they are very desperate and this make them even more dangerous it will be an ugly summer and a very very ang r,4
it s like where s wally oh wait there all wally s in that picture of the beach angry,4
i know i have friends but i feel like i have no one to talk to about the shit that goes in my head unknown ignore tags,4
imagine losing ur best friend that hits worse than losing ur partner tags sad told sad damn depression fear,4
the reason i keep things to myself is cause im not good at explaining them tags sad told sad damn depression,4
i m banned from this section of beach till october my humans pick up after me so we leave no waste or rubbish my humans,4
yes they are very desperate and this make them even more dangerous it will be an ugly summer and a very very ang r,4
yes they are very desperate and this make them even more dangerous it will be an ugly summer and a very very ang r,4
yes they are very desperate and this make them even more dangerous it will be an ugly summer and a very very ang r,4
yes they are very desperate and this make them even more dangerous it will be an ugly summer and a very very ang r,4
yes they are very desperate and this make them even more dangerous it will be an ugly summer and a very very,4
so instead of teaching using history to not repeat itself we want it erase,4
i wanned to do some quick sketches of sally so i did that i love trying to show emotions on sal s face even tho he litte,4
i wanned to do some quick sketches of sally so i did that i love trying to show emotions on sal s face even tho he litte,4
wolf drawing for fun in my mini vacation angry cry procreate art,4
culture of a man is measured by the language he uses when sad of a women when angry,4
call today angry worried glom my depressed depression awareness depression helpline free talk clinic cic d,4
call today angry worried glom my depressed depression awareness depression helpline free talk clinic cic d,4
tjsully upcoming scene in chapter 21 magic action hash ino web toon comic web comic thursday morning anime manga angry mad,4
upcoming scene in chapter 21 magic action hash ino web toon comic web comic thursday morning anime manga,4
wolf drawing for fun in my mini vacation angry cry procreate art,4
so you know when it s time for a twitter break when you just can t find anything positive out of it at the stories,4
ah maud arber y is on my heart today how much pain his family feels the men who shot an unarmed man out jogging,4
the best fighter is never angry lao tzu anger fighter angry lao tzu quotes,4
the most dangerous irony is people are angry with others because of their own incompetence amit kalantri,4
he that healeth thee prayers for when you are angry prayer book healing anger,4
dil be chara on big screen dil be chara on big screens shame on indian public if they after seeing this tragedy still wa,4
i wanned to do some quick sketches of sally so i did that i love trying to show emotions on sal s face even tho he litte,4
i wanned to do some quick sketches of sally so i did that i love trying to show emotions on sal s face even tho he litte,4
i wanned to do some quick sketches of sally so i did that i love trying to show emotions on sal s face even tho he litte,4
i wanned to do some quick sketches of sally so i did that i love trying to show emotions on sal s face even tho he litte,4
i wanned to do some quick sketches of sally so i did that i love trying to show emotions on sal s face even tho he litte,4
do i really have to wipe angry,4
i wanned to do some quick sketches of sally so i did that i love trying to show emotions on sal s face even tho he litte,4
i wanned to do some quick sketches of sally so i did that i love trying to show emotions on sal s face even tho he,4
sarkar angry look,4
for perman haters we wants per man we want pet man india wants per man india love per man india support,4
drawing for fun in my mini vacation angry cry procreate art,4
anger and its consequences anger angry,4
so we can t open our studio a surgical environment but somehow this is ok angry tattooist miss my job,4
deputy speaker na qasim suri got angry on ajmal khan after using word peerni aj mal angry deputy,4
not working that is not the worse the support page down and when i call they say we are busy at,4
it registers on my intolerance quotient recognition calculator 100 irritant guilty as charged,4
homeless there wasn t a kettle i complained the landlady brought a kettle but som,4
ever just want a slime as a pet blue slime epic swag anger angry rain,4
i m banned from this section of beach till october my humans pick up after me so we leave no waste or rubbish my,4
this doesn t works when a person is angry or is under depression,4
you will not be punished for your anger you will be punished by your anger buddha anger love anxiety,4
i m seeing some horrible me too stories this is outrageous and disgusting behaviour that is totally not acceptable in the,4
i m seeing some horrible me too stories this is outrageous and disgusting behaviour that is totally not acceptable in the,4
i m seeing some horrible me too stories this is outrageous and disgusting behaviour that is totally not acceptable in the,4
i m seeing some horrible me too stories this is outrageous and disgusting behaviour that is totally not acceptable in the,4
i m seeing some horrible me too stories this is outrageous and disgusting behaviour that is totally not acceptable in the,4
angry suck my fuck you dang,4
good morning friends hope you all have a terrific thursday it is a waste of time being angry be happy,4
top 10 reasons kids gets angry best playschool parenting little kids angry children kids learning isf un tas,4
i wouldn t vote 4 you in the next election creep joe bid en i goin against my party goin with,4
those people who enjoy my memes but never react thursday thoughts pakistan thursday morning angry depression,4
i m apoplectic we are banned from this bit of beach with boo and this is how we find it ang,4
destroy the statue of liberty and mount rushmore then i ll be satisfied angry,4
injured j cash wrestling wisconsin independent two rivers the players club injured angry,4
joe cocker you are so beautiful via play it loud for all you who are feeling the pai,4
joe cocker you are so beautiful via play it loud for all you who are feeling,4
eff u heartbreak angry kane ki tokyo g boul fuck,4
covid 1 9 cat run under the beard man with angry face,4
alienated alone and angry what the digital revolution did alienated alone angry,4
check out angry birds star wars telepods lando calrissian bird qr code hasbro via,4
i think she s angry cause she hasn t made it into the series yet or it s the uniform cute girl angry,4
check out angry birds star wars telepods royal guard pig qr code hasbro via,4
check out angry birds star wars telepods han solo in carbonite qr code hasbro via,4
check out angry birds star wars telepods padme amidala bird qr code hasbro via,4
don t come at me with that okay bull shit tired of stupid ass people need new people in my life angry,4
as days pass by my sanity and faith for my humanity is long gone and now that i know for a fact redacted d word,4
feelings are just visitors let them come and go mooji mental health anger negativity worry suffering worries,4
feelings are just visitors let them come and go mooji mental health anger negativity worry suffering,4
i want to listen to one direction but i have already heard it all before several times angry,4
stop attacking karens people that s my mother s name argh angry,4
ma says karma would have them get the same of what they dished out ma gets angry wiff humans that hurt dogs,4
got bits on the neck by a mosquito looks like the worlds biggest fucking pimple and itchy as hell grr angry mosquitoes,4
i hate u mad ill kill you angry furious,4
help me get my art published come vote here click i d want one galveston texas,4
me hey sir is this the right truck for my bin wastetruck driver nah you should have got up earlier crackhead,4
happy to have helped a 91 year old lady get rid of these from her garden today so that she can carry on putting the cl,4
when i talk to my pop 9 times out of 10 he just doesnt get it how old will he be before he cuts out the shenanigan,4
because they are happy not angry,4
because they are happy not angry,4
other universes get shit like firebenders and ninjutsu ki stands aliens pokemon super powers this universe g,4
i m apoplectic we are banned from this bit of beach with boo and this is how we find it ang,4
this makes me angry,4
i m apoplectic we are banned from this bit of beach with boo and this is how we find it ang,4
what the actual hell is wrong with people what goes through peoples minds to make them think this is okay it s n,4
i m apoplectic we are banned from this bit of beach with boo and this is how we find it ang,4
i m apoplectic we are banned from this bit of beach with boo and this is how we find it ang,4
i m apoplectic we are banned from this bit of beach with boo and this is how we find it ang,4
be not the slave of your moods but their master but if u are so angry so depressed so sore that your spirit canno,4
be not the slave of your moods but their master but if u are so angry so depressed so sore that your spirit,4
i m so negative about everything bloody hate me mental health mental illness negativity angry depression anxiety,4
i m apoplectic we are banned from this bit of beach with boo and this is how we find it ang,4
ani old animation i did that made me giggle justin r asch animation funny giggle grilled cheese cooking silly cute a,4
i feel for you lost our mum end of 2018 two weeks short of her 95th birthday today went to the fa,4
i m apoplectic we are banned from this bit of beach with boo and this is how we find it,4
you are the reason kira got eliminated he will never come back he deserves it manifesting very dark en,4
this doesn t apply to boys only but girls too i get soooo angry and uncomfortable when my girl friends do that,4
beatnet gotta see this shit everyday gotta get angry everyday tired,4
to all those out there selling stuff for ac nh on ebay i hope hunt you all down,4
for perman haters we wants per man we want pet man india wants per man india love per man india support,4
is it just me or does aaron who is richards husband seem angry and a little out there,4
i cut my son s hair during lockdown to say he wasn t happy was an understatement lock down parenting,4
i know i have friends but i feel like i have no one to talk to about the shit that goes in my head unknown ignore tags,4
i hate being unimportant to the people who are most important to me unknown tags sad told sad damn depress io,4
i know i have friends but i feel like i have no one to talk to about the shit that goes in my head unknown ignore tags,4
happy to have helped a 91 year old lady get rid of these from her garden today so that she can carry on putting th,4
what makes you angry what makes you feel cross we re here to tell you some different ways of describing how you feel these a,4
mun shu hot star the live online platform is showing goalrush and covering every game being played and a mere sma,4
the reason i keep things to myself is cause im not good at explaining them tags sad told sad damn depression,4
daddy issues is why all these kids are out there angry money find it and the love,4
apparently doesn t much care for my business seeing that they ve left me in the dark since may and haven t sent my o,4
pls open the gyms we are in a health crisis mentally and physically too gyms will help pubs won t,4
anger is like smoke it tells you that something is burning when you get angry use it as an opportunity to see wha,4
anger is like smoke it tells you that something is burning when you get angry use it as an opportunity to see,4
cancel culture won t help fix that pain inside your heart or your anxiety being angry at the world because you ve been,4
cancel culture won t help fix that pain inside your heart or your anxiety being angry at the world because you v,4
the reason i keep things to myself is cause im not good at explaining them tags sad told sad damn,4
you can really feel the pain in ur heart when something really hurts tags sad told sad damn depression,4
for perman haters we wants per man we want pet man india wants per man india love per man india support,4
actress sunny leone red saree angry hd wallpaper actress sunny leone saree angry wallpaper i phone android,4
apparently doesn t much care for my business seeing that they ve left me in the dark since may and haven t sent my o,4
apparently doesn t much care for my business seeing that they ve left me in the dark since may and haven t sent my o,4
apparently doesn t much care for my business seeing that they ve left me in the dark since may and haven,4
i m seeing some horrible me too stories this is outrageous and disgusting behaviour that is totally not acceptable in the,4
the truth will set you free but first it will piss you off various attributions e9art ace o quote,4
spent 1 hour trying to contact all reference numbers from your site not recognised by your systems,4
leave from my twitter i will find you eventually i will remove you you have no place here i believe in a proces,4
kame shut up no what the fant a angry angry turtle turtles turtle,4
i m seeing some horrible me too stories this is outrageous and disgusting behaviour that is totally not acceptable in the,4
saying someone made us angry is just an excuse for our lack of self control mindfulness own it motivation,4
have you ever used a product and you are highly dissatisfied but you keep seeing it s advert everywhere you turn,4
arsenal football corporation this club has been destroyed fact kr o en keout i miss my arsenal tuesday thoughts,4
june 24 there are time when i got angry by my words and actions of past sometimes angry,4
not in a good place today feel really angry about having no job and can t see any future because i can t face it,4
angry racist,4
i m tired of being me helping,4
i m seeing some horrible me too stories this is outrageous and disgusting behaviour that is totally not acceptable in the,4
i m seeing some horrible me too stories this is outrageous and disgusting behaviour that is totally not acceptable in the,4
yup standard liberal fat angry ugly,4
i m seeing some horrible me too stories this is outrageous and disgusting behaviour that is totally not acceptable in the,4
i m seeing some horrible me too stories this is outrageous and disgusting behaviour that is totally not acceptable in the,4
i m seeing some horrible me too stories this is outrageous and disgusting behaviour that is totally not acceptabl,4
would you be interested in an app that allows you to search for memes with multiple hashtags e g frog green angry an,4
animaladvocate wldlife,4
managed to get 3 tracking numbers for their courier of which none of them worked on the site ffs,4
piers morgan could you challenge why beauty salons sole traders cannot open but pubs can we have all the ppe in,4
ways to say angry visit the post for more learn english learn english online,4
ok ok i think everyone has had those moments in the studio right have no idea why i was mad haha angry,4
looks like bowsette doesn t much care for bubbles v maybe a hot air balloon this one s a request for bling78,4
happy internation emotion day happy sad angry right to express emotion,4
i just published june 22 2020 stream angry rant lol literally do not care sorry not sorry autism,4
for perman haters we wants per man we want pet man india wants per man india love per man india support,4
i m very angry again today so sick of these lying liberals all corrupt and evil look at this image look at it,4
ep 16 fabio cherant the right to be angry via their fight story fabi ocher ant angry fighter,4
am fam just made me so mad i ve ended my 3 year streak away from twitter customer service is crap and only moves i,4
perhaps people should look into things before starting a panic especially in unsettling times tha,4
lied to me lost my package lied to me again said they re looking into it lied to me again now i m being ignored,4
lied to me lost my package lied to me again said they re looking into it lied to me again now i m being ignored,4
lied to me lost my package lied to me again said they re looking into it lied to me again now i m bein,4
i seriously think i broke something in both my feet and four fingers playing basketball,4
going live at 8 30pm cdt because my plans were ruined by rain join me link in bio dj dj mix live twitch mix,4
i think she s angry cause she hasn t made it into the series yet or it s the uniform cute girl angry,4
i ve just watched episode s04e02 of angry boos boos tv time,4
never respond when you re angry never make a promise when you re happy and never make a decision when you re,4
people and experiences don t make us angry we do it to ourselves personal growth,4
mindful thank you for such amazing resources we ve been using the time in toolkit for a while and now have snuggle bu,4
really over x finity and these internet issues i have had issues for 3 weeks on and off with my upload speeds drop,4
the people are fed up trump isa laughingstock trump out 2 0 2 0 haitian lives matter black lives matter,4
people and experiences don t make us angry we do it to ourselves,4
how about making you angry disappointed doesn t cut it when the stakes are this high,4
who is q we the people are patriots digital soldiers we are the community that wants our country ies back from the deep st,4
just some random angry guy that happens to be tough sketch tough guy angry comics art artist drawing,4
who else noticed that the for handle grabs your cloth when you re angry,4
no fecking idea but love the way he saved his mums car tripping man doh angry cctv wtf w th confused,4
i think she s angry cause she hasn t made it into the series yet or it s the uniform cute girl angry,4
more salt with your salt sir live now t lou the las tofus twitch streamer,4
can someone explain why pubs are reopening and not gyms so a pint is more important than 1 hour of fitness that i,4
i requested a refund in may for cancelled flights today received email advising a voucher being raised n,4
would you be interested in an app that allows you to search for memes with multiple hashtags e g frog green angry an,4
who s cat does this cat food angry,4
angry each time you re angry and don t know what to do try mix hot water and cold water and try to separate,4
donnie let me help you w something you don t seem to get it s pretty easy you keep doing stupid things saying,4
for perman haters we wants per man we want pet man india wants per man india love per man india support,4
i think she s angry cause she hasn t made it into the series yet or it s the uniform cute girl angry,4
i think she s angry cause she hasn t made it into the series yet or it s the uniform cute girl angry,4
angry aren t you tired of being nice don t you just want to go apeshit,4
my patient milton m has learned to take a moment so he does not act out of anger www askdrwoodchuck com,4
angry aren t you tired of being nice don t you just want to go apeshit,4
angry aren t you tired of being nice don t you just want to go apeshit,4
i think she s angry cause she hasn t made it into the series yet or it s the uniform cute girl angry,4
i think she s angry cause she hasn t made it into the series yet or it s the uniform cute girl angry,4
i think she s angry cause she hasn t made it into the series yet or it s the uniform cute girl angry,4
angry aren t you tired of being nice don t you just want to go apeshit,4
why has katie hopkins been blocked by twitter she was a brilliant reliable and lovely woman reporting out of,4
and y all categorize us black queens as angry wow el oh el,4
be not the slave of your moods but their master but if u are so angry so depressed so sore that your spirit,4
angry birds transformers app apes review game dev indie dev robot transformer,4
angry birds transformers app apes review game dev indie dev robot transformer,4
angry pissed off frustrated hurt broken tired healing recovering picking up the pieces refuse to lose,4
why has katie hopkins been blocked by twitter she was a brilliant reliable and lovely woman reporting out of,4
so much angry these days,4
why has katie hopkins been blocked by twitter she was a brilliant reliable and lovely woman reporting out,4
being honest hurts ignore tags sad told sad damn depression fear happy feelings issues relatable angry qu,4
the moment when you are angry but can t express angry heartbreaking,4
the las tofus 2 it s making me cry chills angry,4
angry and heartbreak is consuming everything that is good the change that is being made today everyone is,4
unlock bfbbr steam angry,4
just felt very hopeful after really clear and useful call from a nurse then gp calls mansplains my own illness an,4
now this and hb hak t wont utter a word because he knows s ahab will be angry,4
i m tired of being me helping,4
angry mom training school angry mom trading schooltime s shoes funniest tweets funny edit m emes,4
check out isabella s video t ik tok girls on their period just give us angry angry girl period problems period,4
the cynical part of me is critical of other people s behavior and choices it can be furious angry,4
i ordered my controller 5 6 weeks ago and now you tellin me the white honey comb isn t available nee,4
this is what society has come to i blame in reverse descending order the media higher education,4
so the government are allowing the places that make the most money to open no gyms is a joke i know many gym o,4
today at 2 on one of the cops in the george floyd case confronted by an angry shopper who says he s g,4
i see credit card in your hand angry,4
one child to return 2 days a week primary but my soon to be 6th year son 5 schools,4
been rushing around since 8am to get paperwork and now they wont give it to me i am going to lose my shit today,4
would you be interested in an app that allows you to search for memes with multiple hashtags e g frog green angry an,4
feeling the stress or angry listen to music that alters brainwave s with science to melt anxiety and stress,4
for perman haters we wants per man we want pet man india wants per man india love per man india support,4
would you be interested in an app that allows you to search for memes with multiple hashtags e g frog green angry an,4
resist orbis baggins,4
i m fairly outraged and never get outraged our one polling polling place is miles from town with 70k,4
would you be interested in an app that allows you to search for memes with multiple hashtags e g frog green angry an,4
activities for angry worried kids,4
for perman haters we wants per man we want pet man india wants per man india love per man india support,4
moment angry white man explodes at black mother for blocking mailbox living life via,4
don t complain about bad sales when you are operating with skeleton staff and don t answer your phone angry ustoner,4
when should we show anger via a must watch anger love islam anxiety sufism dep,4
when should we show anger via a must watch anger love islam anxiety sufism dep,4
when should we show anger via a must watch anger love islam anxiety sufism dep,4
me if i should make the full version of this angry mickey mouse knocked loose,4
me if i should make the full version of this angry mickey mouse knocked loose,4
when should we show anger via a must watch anger love islam anxiety sufism,4
i get angry watching the news with angry reporters talking about angry people who perform angry acts neo marxi,4
for perman haters we wants per man we want pet man india wants per man india love per man india support,4
i just don t understand i just got broken up with out of freaking nowhere numb angry very heartbroken,4
he seems upset drawing sketchbook sketch animals fox pencil sketch illustration character design angry an thro furry,4
anger can cause many health problems if not kept in check it s important for you to be aware of it so you can take action,4
dear other cops you can be a good cop proud of other good cops while still being outraged at how disproportionately b,4
anger can cause many health problems if not kept in check it s important for you to be aware of it so you can tak,4
well redd came today which got me really excited until i looked at all the art and realized that all the art and,4
i think they are angry that history might survive baka da,4
choose wisely angry insult mad,4
even now small kids angry and scolding china pla for killing indian soldiers boycott china,4
a punching bag is not just a piece of cloth filled with sand that you use when you see red and want to get everyth,4
choose wisely angry insult mad,4
it s like it s his goal for others to despise him i feel bad for anyone dea,4
this made me smile while i m angry i have the right smile angry happy sad all inone day lisa simpsons stay safe st,4
this made me smile while i m angry i have the right smile angry happy sad all inone day lisa simpsons,4
i just published june 22 2020 stream angry rant lol literally do not care sorry not sorry autism female autism,4
stopping violence controlling emotional outbursts anger angry,4
stopping violence controlling emotional outbursts anger angry,4
stopping violence controlling emotional outbursts anger angry,4
stopping violence controlling emotional outbursts anger angry,4
choose wisely angry insult mad,4
angry looking cat supervises watermelons in thailand and is loved by the community is now trending on,4
it s happening again i m talking to myself how do i know you re all real how do i know i m real who can i trust apa,4
tweets the angry disgruntledemployee shuffles the clown,4
i trust this is the police of course to twitter no way can that be ignored or,4
anti road rage spray available in all good bike shops might need to buy more than one can though dash cam cctv a,4
anti road rage spray available in all good bike shops might need to buy more than one can though dash cam,4
be not the slave of your moods but their master but if u are so angry so depressed so sore that your spirit,4
swans ft is in the mud just look at the thread of tweets lmao i m here waiting for elle brooke to flash me her ti,4
i ve got some good insults ready for the next time i get angry with people online,4
breaking news 4u trump i sun well needs house dems to start 5 t h a m e n d m e n t n o w thenwatch v,4
breaking news 4u trump i sun well needs house dems to start 5 t h a m e n d m e n t n o w thenwatc,4
shut the fuck up dad it s not dance dance revolution it s kpop ugh angry k pop,4
an angry dejected and embarrassed trump returning home after a disaster of a standup comedy rally full of,4
angry gamer noises m emes m emes daily monday mood monday mood funny joke laugh relate relate able,4
woah bro i can t believe you are angry at your sister broooo,4
total lack of realisation of the work that teachers have been doing both in school and around remote learning som,4
frenkie de jong has been annoyed by barcelona s medical staff after a wrong first diagnose of his injury and that h,4
turn negative experiences to positive ones by constantly learning what causes negative emotions in the customer exp,4
would you be interested in an app that allows you to search for memes with multiple hashtags e g frog green angry an,4
behold the wall of gammon angry white men,4
help i lost 50k business on saturday just because i changed my device and downloaded your app and i couldn,4
been on phone waiting 3 hours to customer services about a problematic dishwasher installation not done to bosch in,4
behold the wall of gammon angry white men,4
would you be interested in an app that allows you to search for memes with multiple hashtags e g frog green angry an,4
waiting all day for a phone call that never happened its ok i dont needvny medication anyway angry mental health,4
for perman haters we wants per man we want pet man india wants per man india love per man india support,4
for perman haters we wants per man we want pet man india wants per man india love per man india support,4
it s happening again i m talking to myself how do i know you re all real how do i know i m real who can i trust apa,4
would you be interested in an app that allows you to search for memes with multiple hashtags e g frog green angry an,4
please see my recent reply to you angry,4
meany golliwogs are cute and i m a brown person saying this gt angry,4
it s happening again i m talking to myself how do i know you re all real how do i know i m real who can i trust apa,4
now that s road rage road rage bikers bike cars angry,4
what am i missing i send application cv i have interview feedback sorry your experience is in education not soc,4
setting the scene that worth melancholy our movie different bride wedding decor wedding dress,4
what am i missing i send application cv i have interview feedback sorry your experience is in education not,4
would you be interested in an app that allows you to search for memes with multiple hashtags e g frog green,4
setting the scene that worth melancholy our movie different bride wedding decor,4
aren t infuriated and angry the same thing anyway it s only a matter of time before heads roll in the campaign,4
gm bible study luke 1 8 39 you son of the blind man addressed jesus as if torn between anger love its possible to be,4
i m tired of being me helping,4
are we even in america anymore how is it that our elderly being shoved children being gassed and our les fortunate have to,4
are we even in america anymore how is it that our elderly being shoved children being gassed and our les fortuna,4
mindful thank you for such amazing resources we ve been using the time in toolkit for a while and now have sn,4
bha kts have generation gap between their mouth and common sense angry,4
bha kts have generation gap between their mouth and common sense angry,4
it s happening again i m talking to myself how do i know you re all real how do i know i m real who can i trust,4
gm bible study luke 1 8 39 you son of the blind man addressed jesus as if torn between anger love its possibl,4
angry bird ii album main cover don t forget i m dropping on the 18th of july,4
free film a father s murder robin williams death a single father of two nearly jumps off a bridge and standup comedy,4
an angry dejected and embarrassed trump returning home after a disaster of a standup comedy rally full of,4
free film a father s murder robin williams death a single father of two nearly jumps off a bridge and standup,4
stella angry birds stella angry birds movie angry birds,4
love to go on holiday but can t afford to still waiting for my refunds from three previously cancelled flights angry,4
if you want something put ur mind to it tags sad told sad damn depression fear happy feelings,4
this makes me so angry wtf racism doesn t like to have light shown on it so when it does shit like this happe,4
an angry dejected and embarrassed trump returning home after a disaster of a standup comedy rally full of,4
stupidity low iqs have crawled out from under their rocks has made them think they are powerfu,4
not gonna vote really this black man was assaulted by a group of angry white men on his way to vote in the 1960s,4
i thought i was angry until i looked on twitter angry,4
do you know a constantly angry man are you at risk of verbal abuse or physical abuse do you wonder what makes hi,4
an angry dejected and embarrassed trump returning home after a disaster of a standup comedy rally full of,4
bollocks hospital just called and another pissing telephone consultation on thursday which will be bloody useless,4
feel like i am banging my head against a brick wall come on one phone call could resolve everythin,4
who else noticed that jerusalem by goes with every kind of mood calm angry happy diver stated mood etc,4
blimey betty following me i m honoured was it because i suggested you took your pants off they,4
please sort it our quick you ve taken my money 9 times with no reply from you angry bad customer service,4
please sort it our quick you ve taken my money 9 times with no reply from you angry bad customer service,4
free film a father s murder robin williams death a single father of two nearly jumps off a bridge and standup,4
george flyod the police didn t hear your screams that day but the world hears them now rest in peace it s a new,4
john bolton is a man scorned he s become bitter and angry and now he s dangerous too bad,4
he seems upset drawing sketchbook sketch animals fox pencil sketch illustration character design angry,4
if you don t get angry then you are accepting and submitting to the injustice thrusted upon you,4
what you fucking looking at dog soft witter dogs mean angry,4
a little angry girl i don t know the reason but her anger made her more beautiful i liked to drawing these ex,4
anybody else feel because dominic cun ming s went for a drive and people r angry about it they ve just thrown the shelter e,4
leaveeee i dotn even say bro ur so sick scene angry fuck mad,4
i m not mad angry conniving man bolton bolton s book bolton interview pirated editions of john bolton me,4
taming the monster in you angry egotistic grateful positive vibes stay safe,4
monday mornings are the worst aren t they share a moan with moanrantwhine rant whine moan moan day angry fed up tweet it out,4
just full of broken thoughts that i cannot repair tags,4
fuck people tags sad told sad damn depression fear happy feelings issues relatable angry quotes,4
im more broken than u think unknown tags sad told sad damn depression fear happy feelings issues,4
if someone says im tired please check up on them they are mentally tired ik it tags sad told sad damn,4
i ve been too busy being a ghost i forgot where home is tags sad told sad damn depression fear happy,4
i hate being unimportant to the people who are most important to me unknown tags sad told sad damn,4
imagine losing ur best friend that hits worse than losing ur partner tags sad told sad damn depression,4
does anyone else get the attention of a white crayon tags sad told sad damn depression fear happy feelings,4
does anyone else get the attention of a white crayon tags sad told sad damn depression fear happy,4
being honest hurts ignore tags sad told sad damn depression fear happy feelings issues relatable,4
i know i have friends but i feel like i have no one to talk to about the shit that goes in my head unknown ignore,4
the 3 types of anger which one are you angry inspiration,4
im going to take time off twitter i just cant right now triggered hurt angry,4
mayor sends her hatchet man stooge after cpd reformer nope anything to distract from her crappy job with rioters,4
sorry about your dick bro i would be mad too having to pay hookers to lie to you angry at everythi,4
not clean so i cant have her stay with me or my other aunt who is selfish and takes and takes and it makes me so m,4
an animal crossing version of the doggo i made for my friend he wanted an angry pup at a computer and this was the,4
what are you looking at can t an octopus just relax octopus red stuff animals cute,4
angry words are shards of glass wounding all those who cross their path elder lenore aar tis la art is,4
my anger translator funny clip note contains swearing angry funny people online https,4
my anger translator funny clip note contains swearing angry funny people online,4
dear other cops you can be a good cop proud of other good cops while still being outraged at how disproportionately b,4
my dog can smell the corona virus via mall church angry conspiracy comedy film,4
uh that s a puppy o o puffy charms web comic pixel comic couple comics ig comics digital art marshmallow sketch,4
how i feel most of the time so angry and defeated i just want to be happy,4
uh that s a puppy o o puffy charms web comic pixel comic couple comics ig comics digital art marshmallow sketch,4
uh that s a puppy o o puffy charms web comic pixel comic couple comics ig comics digital art marshmallow,4
my song is angry today,4
don t bother playing the follow unfollow game i always block angry,4
i have noticed so many angry posts many times when we are angry we are hiding our fear or anxiety underneath,4
i have noticed so many angry posts many times when we are angry we are hiding our fear or anxiety underneath,4
violence could you maybe reflect on why you feel this way and reach out to a mental health counselor while we re,4
michelle obama encourages 2020 graduates to increase their activism beyond hashtags don t ever let anyone tell you th,4
i can hold two separate things in my mind at once i have a lovely family and a wonderful life and as irritating as,4
dear other cops you can be a good cop proud of other good cops while still being outraged at how disproportionately b,4
hollman travis they re taking down articles anything positive that has to do with the right twitter is do,4
trump suspected chinese role in coronavirus creation that time indian cods mr rawat stated it s not lab,4
mr president we are angry at the madness going around in the country the consititution,4
take your fucking rubbish home with you dartmoor litter litter picking dartmoor national park angry furious huma,4
take your fucking rubbish home with you dartmoor litter litter picking dartmoor national park angry furious huma,4
take your fucking rubbish home with you dartmoor litter litter picking dartmoor national park angry furious,4
what did you say to provoke them parallax what i didn t do anything wrong this isn t my fault lexia pi,4
the conned but unfortunately they re proud and need to see they ve been conned before they realis,4
gutted some cruel nasty person slashed two of my tyres seriously have people nothing better to do with their time sad angry,4
dear other cops you can be a good cop proud of other good cops while still being outraged at how disproportionately b,4
so here i am finding myself more and more angry why would anyone destroy historical statues why would anyone say,4
never respond when you re angry never make a promise when you happy and never make a decision when you re sad,4
and cat box sunday there has been a catbox car altercation 4 wheel drive v icecream truck cat soft witter cats catur day dr,4
howay ref man this isn t a pre season friendly you have to book for fouls man angry n ufc,4
what s all this about i didn t cancel this you didn t email me what the hell is going on angry,4
dear other cops you can be a good cop proud of other good cops while still being outraged at how disproportionately b,4
that is what ten years of the toxic tories have done to the u k i am angry as hell dont leave challenge,4
and cat box sunday there has been a catbox car altercation 4 wheel drive v icecream truck cat soft witter cats catur day dr,4
i love my friend lauren not when she s telling me to get hair extensions angry,4
a friend of mine who works for the nhs told me the nightingale hospitals were actually,4
this is the social media platform that our growing right wing racists are moving in their droves far right ed l,4
cat box sunday there has been a catbox car altercation 4 wheel drive v icecream truck cat soft witter cats,4
michelle obama encourages 2020 graduates to increase their activism beyond hashtags don t ever let anyone tell you th,4
i know that today there will be thousands more who feel like this fathers day angry late lock down,4
i swear search and destroy makes me so mad angry call of duty modern warfare gaming,4
whilst i do have strong feelings about the 30 commission is not a monopoly when you consider android has a,4
don t angry him aft 4yr leaving mohamed title terrorist an he smore holier thn ldo bigger t ian,4
don t angry him aft 4yr leaving mohamed title terrorist an he smore holier thn ldo,4
i m with ya jeppa i understand we d be lucky to get through the season without a player testing positive,4
kajifa daman nii ansanni da ws so him mlsn mangawa should stop doing it cos he s loved in arewahome but me l,4
anybody can become angry that is easy but to be angry with the right person and to the right degree and at the rig,4
i m a happy person but an angry citizen lewis black simply standup happy angry emotions citizens,4
dear other cops you can be a good cop proud of other good cops while still being outraged at how disproportionately b,4
the fact that many teachers are paid little or underpaid work crazy hours have to buy things for their class roo,4
so sick of allowing pages to try to claim my a as theirs i hate this i am new trying to hussle,4
come and watch me get even more salty on the last of us las tofus salty angry twitch,4
dear other cops you can be a good cop proud of other good cops while still being outraged at how disproportionately b,4
dear other cops you can be a good cop proud of other good cops while still being outraged at how disproportionately b,4
