hostile people see hostility around ready lash moment peaceful people find kindness,4
perman hater want per man want pet man india want per man india love per man india support,4
well try save job furlough scheme sadly not enough like many,4
living jesus want heal hostility toward god toward people search joy early christianity,4
feel vexed livid angry quite back fourth yes no no doubt,4
thanks warn not also could easily social distance no,4
monday morning bad share moan moanrantwhine rant whine moan moan day angry fed tweet,4
try practice technique appropriately handle situation customer may ask something,4
car dealer day dealer look fix,4
fa help get art publish come vote click want one galveston texas gal vest,4
holy shit gunpoint karen karen go wild super food angry crazy karma,4
yo father think fine go car spain colleague work mum high risk category,4
brown bias get angry make mistake question living,4
sa officially give esko no choice thing way,4
new blog entry tire angry sick not weak chronic pain angry,4
good morning twitter world good morning huma inbeing proud love love respect life angry,4
wan quick sketch sally love try show emotion sal face even tho litte,4
child abandonment charlotte atlanta charleston nc sc richmond harrisburg raleigh,4
best fighter never angry lao tzu stay safe morning good morning hospitality hotel hotelier,4
staed thread literalt ask hatred angry mad,4
sta stand comedy career purchase link,4
awesome wait see rage angry army,4
really sum month life many emotion sad angry dis point frustrate cer,4
sta stand comedy career purchase link charlotte,4
child abandonment charlotte atlanta charleston nc sc richmond harrisburg raleigh ke,4
really sum month life many emotion sad angry dis point frustrate,4
child abandonment charlotte atlanta charleston nc sc richmond harrisburg raleigh ke,4
child abandonment charlotte atlanta charleston nc sc richmond harrisburg raleigh,4
sta stand comedy career purchase link,4
waht thnk black cat catur day cat soft witter cat angry renga,4
doin angry ex aust ed hopeful america hope hick bid en trump election vote election marathon no,4
waht thnk black cat catur day cat soft witter cat angry renga,4
waht thnk black cat catur day cat soft witter cat angry renga,4
make angry cool,4
perman hater want per man want pet man india want per man india love per man india support,4
waht thnk black cat catur day cat soft witter cat angry renga,4
feed supporter always angry thought america great,4
hope not black brainwash angry racist black supremacist dey finally wakeup,4
baby boy happen generation hand identity participation trophy sacrifice noth,4
cdn saw tweet friday agenda not time special meeting must agenda,4
think let without zoom post lose great user angry disappointed,4
cdn saw tweet friday agenda not time special meeting must agen,4
feed supporter always angry thought america great usa,4
hi complaint becuase need fix app charge royalty even though exp,4
wan quick sketch sally love try show emotion sal face even tho litte,4
taco chain say closing coronavirus pandemic angry,4
yes angry people lie online previous post no longer angry,4
not angry face pet bunny face angry,4
people patriot digital soldier community want country back deep st,4
fix fuck dumbass game balance damn server someone get clip,4
storm cloud ray sun right top storm storm cloud angry dark cloud view view inst agram,4
god kind vengeful love angry welcome judgmental make huge difference,4
not rain cloud sky curtain tell rain big single regret barn bu,4
wonder much breakdown last literally tire nobody year alone sad horny angry,4
watch callums new vid tell co want angry innit,4
ffs callous nt genuinely give no cks anyone apart chum angry,4
app freeze load load give much issue send simple transaction angry,4
frustrate sad angry see professional treat second class citizen woman,4
doin angry ex aust ed hopeful america hope hick bid en trump election vote election marath,4
angry punk carp front today session love back bank fishing carp smile,4
left scene sad angry,4
hey girl heyyy mizzbettie kay tee may angry af angry hungry af hungry angry angry af angry,4
self every minute remain angry give sixty second peace emerson cle,4
not even american make angry get grip asshole tru,4
not even american make angry get grip asshole trump,4
trouble pti govt pti mnas angry govt refuse attend pm dinner angry attend dinner,4
self every minute remain angry give sixty second peace emerson cle,4
anybody else get hangry eat day hungry angry,4
beverly hill face criticism arrest peaceful protester usual hypocrisy left privilege,4
collect green bin page co wait day en charge,4
not angry face pet bunny face angry,4
collect green bin page co wait day en charge,4
whole seem collapse crazy angry people everywhere want buy,4
beverly hill face criticism arrest peaceful protester usual hypocrisy left,4
call ur parent angry stress,4
see parler go well trumper crowd password special character angry,4
thank much provide useful information angry bap uji tip health tip,4
not angry face pet bunny face angry,4
mr president angry madness go around country consititution,4
not angry face pet bunny face angry,4
anyone become angry easy angry right person right degree right tim,4
sick pollution noise nuisance disturbance year not get rig,4
young bird clam food bird spring angry beautiful nature animal,4
normalize spamming hashtags mad angry ismy right,4
perman hater want per man want pet man india want per man india love per man india support,4
almost boring type tory corruption tory let people die etc etc etc not give angry,4
whoever say angry forever lie,4
war fun certain people magnet sadist loser angry dreamer richard engel,4
mr president angry madness go around country consititution,4
anybody else feel dominic cun ming go drive people angry thrown shelter,4
mr president angry madness go around country consititution,4
think know someone find truth angry,4
mr president angry madness go around country consititution,4
mood cute cat bunny angry mood funny cutie,4
mood cute cat bunny angry mood funny cutie,4
mr president angry madness go around country consititution,4
mr president angry madness go around country consititution,4
mr president angry madness go around country consititution,4
mr president angry madness go around country consititution,4
angry angry anything angry nothing sallust,4
whadidido mad mean angry girlfriend emes girlfriend date fight,4
hate manifestign soooooo much negative energy im homophobic rigjt anger angry wrath war,4
take home angry bean name cat cat kitten kitten kitty pet pet meow,4
anybody else feel dominic cun ming go drive people angry thrown shelter,4
quenda southern brown bandicoot angry sound mix short quenda southern brown bandicoot bandicoot australian animal,4
quenda southern brown bandicoot angry sound mix short quenda southern brown bandicoot bandicoot australian animal,4
ohanlon planet pro,4
need hard type beat check link beat beat star beat lof beat beat mu,4
watch salisbury poisoning catch fuck putin russian disgrace mor,4
adeyemi king please meaning stamp duty first remove naira naira,4
brand ever recover angry,4
not let sun go still angry ephesian sundown angry relax jesus smile real faith te,4
staff barrier almighty star anxious mortal fan,4
adeyemi king please meaning stamp duty first remove naira naira,4
election contest angry zero hedge,4
adeyemi king please meaning stamp duty first remove naira naira,4
adeyemi king please meaning stamp duty first remove naira naira,4
angry rn parler ban good chrisrian mom post reason go guideline,4
adeyemi king please meaning stamp duty first remove naira naira,4
please meaning stamp duty first remove naira naira,4
overwhelmed rn lmao hate fm life suck depression depressed sad mad angry upset frustrate annoy bother km km,4
fa help get art publish come vote click want one galveston texas gal vest,4
firework really annoy dog freak wtf firework angry pus ed,4
angry know,4
wan quick sketch sally love try show emotion sal face even tho litte,4
father suffer alone hospital no advocate ventilator time not allow,4
need hard type beat check link beat beat star beat lof beat beat mu,4
need hard type beat check link beat beat star beat lof beat,4
angry mean karen go wild,4
angry woman pack everything hour take week pack vacation,4
election contest angry via,4
quenda southern brown bandicoot angry sound mix short quenda southern brown bandicoot bandicoot australian animal,4
scar angry mob come carson city give,4
republican let democrat domestic terrorist run sh show,4
terrible inhuman parent told si year ago say put home forget,4
quenda southern brown bandicoot angry sound mix short quenda southern brown bandicoot bandicoot australian animal,4
quenda southern brown bandicoot angry sound mix short quenda southern brown bandicoot bandicoot,4
still angry post,4
get splaining west world score competition angry,4
im angsty preteen anger step hatred angry jess rah mad hate fuck,4
wan quick sketch sally love try show emotion sal face even tho litte,4
steph angsty teen agenda hate red angry scene fuck,4
president trump nominate william perry pendley serve act head bureau land management,4
calm caleb south africa capetown lol angry western cape jo zit stellenbosch,4
angry defeat disease together end nightmare rage reading news lately sick tire,4
not slave mood master angry depressed sore spirit,4
magas angry unhappy must sad go life like angry maga moron rip donald trump,4
angry bird angry bird canary rio gri,4
grrgah gahh shvshs fk looser angst skull im best angry,4
well fargo receive stimulus money must man team foreclose people take adva,4
angry bird angry bird canary rio gri,4
amid covid surge stuck horrible choice start via no wonder,4
amid covid surge stuck horrible choice start via,4
gotta florida weed humor cannabis community de bo comedy weed stag ram humor comedy,4
sudanese asylum seeker disgust act violence angry hungry park inn hotel glasgow well,4
dylan bloodrush think dylan overreact little little comedy show drawed april spe,4
perman hater want per man want pet man india want per man india love per man india support,4
little hog plastic ring around neck hog continued grow despite plastic smell,4
little hog plastic ring around neck hog continued grow despite plastic smell,4
get angry harm already great pain anger help,4
fuck hate kind scummy people fuck guy not get benefit retweet piece,4
limitless side matter life cautious fear critical angry competitive jealous,4
never make decision anger end regret sooner later anger issue angry decision,4
go people covid make people angry,4
sool realistic drawing eye artist twitter sketch sketchbook artist draw realism eye angry serious,4
big dicked bisexual ya get fuck angry confident bisexual funny one liner big dick,4
ani old animation make giggle justin asch animation funny giggle grill cheese cooking silly cute,4
long take get paid token angry electricity bill ume,4
let sum situation almost claim side woman sound like ok google fall woman,4
nole core bring season angry southern gentleman sport shoe,4
help,4
hollow word ben mu lr one insincerity white privilege wip ipo sabbatical vacation angry no,4
wtf endless make film many creatives bipoc gotta hustle big time even get,4
disgust constant lag gameplay fifa online friendly internet conne,4
yeh israel fault feel bit constipate today tbh angry,4
rob baker beast mode strength training fit gym motivation fit fam beard viking power,4
another one day strop contains offensive language beast mode strength training fit ov,4
choked yes really really want part human race,4
angry florida karen scream covid fb theory video via woman,4
president trump nominate william perry pendley serve act head bureau land management,4
realistic drawing eye artist twitter sketch sketchbook artist draw realism eye angry,4
suggestion welcome get rid anger without violent break plate cup etc angry,4
pinner,4
year leak iversery update still search bastard leak test footage onto internet,4
name three angry bird jay jake jim make hope love angry bird angry bird movie,4
dep olor able brit uk demonise scum ia police contribution infr,4
take view not disrespect black pink stay gold view age ago,4
hate unimportant people important unknown tag sad told sad damn depress io,4
someone say im tire please check mentally tire ik tag sad told sad damn depr,4
president trump nominate william perry pendley serve act head bureau land management,4
get angry harm already great pain anger help,4
listen hi white privileged white also get suffocate police officer grandpa jim,4
ani old animation make giggle justin asch animation funny giggle grill cheese cooking silly cute,4
listen hi white privileged white also get suffocate police officer grandpa jim,4
hollow word ben mu lr one insincerity white privilege wip ipo sabbatical vacation,4
specter anger issue mad anime angry art draw story,4
carroll make bad franco bought no whit say angry no th,4
mr president angry madness go around country consititution,4
outright threat eradicate mustang burro earth angry save wildhorse sand burro wild ho,4
angry go go go go go go go go go go next,4
vagrancy comic get comic comic web comic web comic cartoon art humor,4
president trump nominate william perry pendley serve act head bureau land management,4
president trump nominate william perry pendley serve act head bureau land management,4
frack push cfl season year heath wise irrespons,4
president trump nominate william perry pendley serve act head bureau land management,4
insert inspirational quote winter snow tree landscape photography something cooler nature forest,4
president trump nominate william perry pendley serve act head bureau land management,4
still wait frustrate angry poor customer service,4
dr mr monarch check link bio corn nell artist erotic art erotica er tica comic art,4
young desire aloud angry god comfort seem corporal melt,4
dr mr monarch check link bio corn nell artist erotic art erotica er tica comic art,4
outright threat eradicate mustang burro earth angry save wildhorse sand burro,4
president trump nominate william perry pendley serve act head bureau land management,4
president trump nominate william perry pendley serve act head bureau land management,4
president trump nominate william perry pendley serve act head bureau land management,4
president trump nominate william perry pendley serve act head bureau land management,4
hello tony woke sleep angry,4
president trump nominate william perry pendley serve act head bureau land management,4
president trump nominate william perry pendley serve act head bureau land management,4
president trump nominate william perry pendley serve act head bureau land managem,4
actually hearing impaired something right away tell probably,4
actually hearing impaired something right away tell probably,4
virginie despentes make france angry thing change virginie de spent france,4
ahhh honey angry show anger iceberg emotion really feel bu,4
saw lot debri,4
every minute get angry lose sixty second happiness write loud write writer,4
angry say since grinch get elect lol true story,4
bag collect take dog work bit beach clean dog walk take ithome pu,4
organise oh goodness sake organise bust gut day every day corbyn yr labour coup mp,4
organise oh goodness sake organise bust gut day every day corbyn yr labour coup mp,4
organise oh goodness sake organise bust gut day every day corbyn yr labour coup mp,4
organise oh goodness sake organise bust gut day every day corbyn yr labour coup mp,4
organise oh goodness sake organise bust gut day every day corbyn yr labour coup mp,4
organise oh goodness sake organise bust gut day every day corbyn yr labour coup mp,4
organise oh goodness sake organise bust gut day every day corbyn yr labour coup mp,4
organise oh goodness sake organise bust gut day every day corbyn yr labour,4
commission thro furry furry art furry draw digital art digital draw digital art anthropo,4
commission thro furry furry art furry draw digital art digital draw digital art anthropo,4
commission thro furry furry art furry draw digital art digital draw digital art anthropo,4
commission thro furry furry art furry draw digital art digital draw digital art,4
still wait frustrate angry poor customer service,4
set cute bee mascot emoji different face expression angry animal baby,4
guy yell wear mask right outside save north vancouver today realise,4
guy yell wear mask right outside save north vancouver today,4
trump penny take credit hard work american citizen,4
really proud angry mouse less proud wtf cat,4
hopefully reassure action take behaviour see week not tolerate,4
might work angry chat hit,4
black life matter george floyd elijah mcclain murder angry blk athlete etc scoute,4
jeremiah know lord say call prayer answer show,4
happen tamil nadu plain horrific really become barbaric monster must investig,4
never held sweet box become servant shame madam,4
yes still punish speak happen survivor domestic violence attack cyber bull,4
hopefully reassure action take behaviour see week not tolerate,4
yes still punish speak happen survivor domestic violence attack,4
time sleep angry,4
ia angry bird photography eagle bird bird angry wildlife,4
hopefully reassure action take behaviour see week not tolerate,4
absolute joke vodafone week replacement sim card lose post invalid not work,4
stole meme angry,4
frankly tire neglect lot angry,4
hopefully reassure action take behaviour see week not tolera,4
black life matter george floyd elijah mcclain murder angry blk athlete etc bei,4
mr president angry madness go around country consititution,4
absolutely disguise apple customer service rd time send laptop,4
hand look like emo angry meme,4
met people understand everyone else assumes either angry sarcastic hole,4
walk cup presentation angry,4
bag collect take dog work bit beach clean dog walk take ithome pu,4
work whole time often longer hour normal,4
mr president angry madness go around country consititution,4
activity angry worried kid,4
think angry cause make series yet uniform cute girl angry,4
mr president angry madness go around country consititution,4
asia zq excuse speak,4
no broken neck no blood saliva nose mouth no tongue outside mouth something wrong,4
completely fed yes bank service need help frustrate angry,4
bag collect take dog work bit beach clean dog walk,4
tag comment angry humor funny comedy chill good vibe mask co splay,4
yes happen yesterday complete utter selfishness not not social distancin,4
plan blood group health list good bad product health small step back balance,4
angry bby aesthetic trap boy fem boy fem boy friday angry cute co splay,4
shock scene bournemouth last couple day age really,4
ban section beach till october human pick leave no waste rubbish human,4
hate say feel like man city absolutely turn sunday angry fac,4
mr president angry madness go around country consititution,4
like everyone else give thing year becasue coronavirus no,4
mr president angry madness go around country consititution,4
mr president angry madness go around country consititution,4
mr president angry madness go around country consititution,4
mr president angry madness go around country consititution,4
mr president angry madness go around country consititution,4
mr president angry madness go around country consititution,4
mr president angry madness go around country consititution,4
mr president angry madness go around country consititution,4
wan quick sketch sally love try show emotion sal face even tho litte,4
go nearly four month isolation moron risk second wave covid heard,4
specter anger issue mad anime angry art draw story,4
specter anger issue mad anime angry art draw story,4
anger issue mad anime angry art draw story,4
know feel angry picture anyone retro game retro nintendo,4
enough ea angry,4
disabled old new truth knew still reckon diagnosis,4
zealot conviction laid bare believe lt expletive delete gt tool around maryland co,4
know friend feel like no one talk shit go head unknown ignore tag,4
angry angry ppl respect show true color administration angry,4
reminder ever make knee beg make like fool feel heart angry,4
finish one angriest mini workout ever angry workout fitness author storyteller hawaii,4
yes angry save community use,4
know feel angry picture anyone retro game retro nintendo,4
dylan ipad account upset confuse angry,4
road rage happens idiot awake angry rage idiot full throttle tv,4
expect trump veto pout mop golfing angry vengeful trump not well,4
single handedly try turn nevada back red seem way lose lot voter,4
yes angry save community use,4
yes angry save community use,4
local drunk get really angry able drink beer th pint forgotten face mask,4
think abt seijoh loss feel angry mad upset resentful,4
think abt seijoh loss feel angry mad upset resentful,4
yes desperate make even dangerous ugly summer ang,4
yes desperate make even dangerous ugly summer ang,4
write blog frustration wear mask sure read end get punchline,4
wan quick sketch sally love try show emotion sal face even tho litte,4
friend family meanwhile back farm state report spike state report record daily number,4
fuck ask opinion go reject especially parrot say yesterday piss angry,4
logo sale logo logo logo design logo designer sale sale animal bird owl night dark,4
thanks melissa reef really consider not watch day four life anymore racist angry,4
yes desperate make even dangerous ugly summer ang,4
single handedly try turn nevada back red seem way lose lot voter,4
single handedly try turn nevada back red seem way lose lot voter,4
single handedly try turn nevada back red seem way lose lot voter,4
single handedly try turn nevada back red seem way lose lot,4
still lose tenner angry,4
wan quick sketch sally love try show emotion sal face even tho litte,4
yesterday wife crashed flyer bike part pant get caught disk brake danger ou,4
yes desperate make even dangerous ugly summer ang,4
spoke lovely lady phone afternoon promise email back today either way,4
covid make angry upset bitter like everybody else want damn pandemic end frustrate,4
like bearer bad news tell bad news fuck bearer bad news mean tamara thi,4
yes desperate make even dangerous ugly summer ang,4
like wally oh wait wally picture beach angry,4
know friend feel like no one talk shit go head unknown ignore tag,4
imagine lose ur best friend hit bad lose ur partner tag sad told sad damn depression fear,4
reason keep thing cause im not good explain tag sad told sad damn depression,4
ban section beach till october human pick leave no waste rubbish human,4
yes desperate make even dangerous ugly summer ang,4
yes desperate make even dangerous ugly summer ang,4
yes desperate make even dangerous ugly summer ang,4
yes desperate make even dangerous ugly summer ang,4
yes desperate make even dangerous ugly summer,4
instead teach use history not repeat want erase,4
wan quick sketch sally love try show emotion sal face even tho litte,4
wan quick sketch sally love try show emotion sal face even tho litte,4
wolf draw fun mini vacation angry cry procreate art,4
culture man measure language us sad woman angry,4
call today angry worried glom depressed depression awareness depression helpline free talk clinic cic,4
call today angry worried glom depressed depression awareness depression helpline free talk clinic cic,4
tjsully upcoming scene chapter magic action hash ino web toon comic web comic thursday morning anime manga angry mad,4
upcoming scene chapter magic action hash ino web toon comic web comic thursday morning anime manga,4
wolf draw fun mini vacation angry cry procreate art,4
know time twitter break find anything positive story,4
ah maud arber heart today much pain family feel men shot unarmed man jogging,4
best fighter never angry lao tzu anger fighter angry lao tzu quote,4
dangerous irony people angry others incompetence amit kalantri,4
healeth thee prayer angry prayer book heal anger,4
dil chara big screen dil chara big screen shame indian public see tragedy still wa,4
wan quick sketch sally love try show emotion sal face even tho litte,4
wan quick sketch sally love try show emotion sal face even tho litte,4
wan quick sketch sally love try show emotion sal face even tho litte,4
wan quick sketch sally love try show emotion sal face even tho litte,4
wan quick sketch sally love try show emotion sal face even tho litte,4
really wipe angry,4
wan quick sketch sally love try show emotion sal face even tho litte,4
wan quick sketch sally love try show emotion sal face even tho,4
sarkar angry look,4
perman hater want per man want pet man india want per man india love per man india support,4
draw fun mini vacation angry cry procreate art,4
anger consequence anger angry,4
open studio surgical environment somehow ok angry tattooist miss job,4
deputy speaker na qasim suri get angry ajmal khan use word peerni aj mal angry deputy,4
not work not bad support page call say busy,4
register intolerance quotient recognition calculator irritant guilty charge,4
homeless kettle complain landlady brought kettle som,4
ever want slime pet blue slime epic swag anger angry rain,4
ban section beach till october human pick leave no waste rubbish,4
work person angry depression,4
not punish anger punish anger buddha anger love anxiety,4
see horrible story outrageous disgust behaviour totally not acceptable,4
see horrible story outrageous disgust behaviour totally not acceptable,4
see horrible story outrageous disgust behaviour totally not acceptable,4
see horrible story outrageous disgust behaviour totally not acceptable,4
see horrible story outrageous disgust behaviour totally not acceptable,4
angry suck fuck dang,4
good morning friend hope terrific thursday waste time angry happy,4
top reason kid get angry best playschool parent little kid angry child kid learn isf un ta,4
vote next election creep joe bid en goin party goin,4
people enjoy meme never react thursday thought pakistan thursday morning angry depression,4
apoplectic ban bit beach boo find ang,4
destroy statue liberty mount rushmore satisfied angry,4
injured cash wrestling wisconsin independent two river player club injured angry,4
joe cocker beautiful via play loud feel pai,4
joe cocker beautiful via play loud feel,4
eff heartbreak angry kane ki tokyo boul fuck,4
covid cat run beard man angry face,4
alienate alone angry digital revolution alienate alone angry,4
check angry bird star war telepods lando calrissian bird qr code hasbro via,4
think angry cause make series yet uniform cute girl angry,4
check angry bird star war telepods royal guard pig qr code hasbro via,4
check angry bird star war telepods han solo carbonite qr code hasbro via,4
check angry bird star war telepods padme amidala bird qr code hasbro via,4
come okay bull shit tire stupid people need new people life angry,4
day pas sanity faith humanity long go know fact redact word,4
feeling visitor let come go mooji mental health anger negativity worry suffer worry,4
feeling visitor let come go mooji mental health anger negativity worry suffer,4
want listen one direction already heard several time angry,4
stop attack karen people mother name argh angry,4
say karma would get dish get angry wiff human hurt dog,4
get bit neck mosquito look like world big fuck pimple itchy hell grr angry mosquito,4
hate mad ill kill angry furious,4
help get art publish come vote click want one galveston texas,4
hey sir right truck bin wastetruck driver nah get earlier crackhead,4
happy help year old lady get rid garden today carry put cl,4
talk pop time doesnt get old cut shenanigan,4
happy not angry,4
happy not angry,4
universe get shit like firebenders ninjutsu ki stand alien pokemon super power universe,4
apoplectic ban bit beach boo find ang,4
make angry,4
apoplectic ban bit beach boo find ang,4
actual hell wrong people go people mind make think okay,4
apoplectic ban bit beach boo find ang,4
apoplectic ban bit beach boo find ang,4
apoplectic ban bit beach boo find ang,4
not slave mood master angry depressed sore spirit canno,4
not slave mood master angry depressed sore spirit,4
negative everything bloody hate mental health mental illness negativity angry depression anxiety,4
apoplectic ban bit beach boo find ang,4
ani old animation make giggle justin asch animation funny giggle grill cheese cooking silly cute,4
feel lose mum end two week short th birthday today go fa,4
apoplectic ban bit beach boo find,4
reason kira get eliminate never come back deserves manifest dark en,4
apply boy girl get soooo angry uncomfortable girl friend,4
beatnet gotta see shit everyday gotta get angry everyday tire,4
sell stuff ac nh ebay hope hunt,4
perman hater want per man want pet man india want per man india love per man india support,4
aaron richards husband seem angry little,4
cut son hair lockdown say happy understatement lock parent,4
know friend feel like no one talk shit go head unknown ignore tag,4
hate unimportant people important unknown tag sad told sad damn depress io,4
know friend feel like no one talk shit go head unknown ignore tag,4
happy help year old lady get rid garden today carry put th,4
make angry make feel cross tell different way describe feel,4
mun shu hot star live online platform show goalrush cover every game played mere sma,4
reason keep thing cause im not good explain tag sad told sad damn depression,4
daddy issue kid angry money find love,4
apparently much care business see left dark since may sent,4
pls open gym health crisis mentally physically gym help pub,4
anger like smoke tell something burning get angry use opportunity see wha,4
anger like smoke tell something burning get angry use opportunity see,4
cancel culture help fix pain inside heart anxiety angry world,4
cancel culture help fix pain inside heart anxiety angry world,4
reason keep thing cause im not good explain tag sad told sad damn,4
really feel pain ur heart something really hurt tag sad told sad damn depression,4
perman hater want per man want pet man india want per man india love per man india support,4
actress sunny leone red saree angry hd wallpaper actress sunny leone saree angry wallpaper phone android,4
apparently much care business see left dark since may sent,4
apparently much care business see left dark since may sent,4
apparently much care business see left dark since may,4
see horrible story outrageous disgust behaviour totally not acceptable,4
truth set free first piss various attribution eart ace quote,4
spent hour try contact reference number site not recognise system,4
leave twitter find eventually remove no place believe proces,4
kame shut no fant angry angry turtle turtle turtle,4
see horrible story outrageous disgust behaviour totally not acceptable,4
say someone make angry excuse lack self control mindfulness motivation,4
ever use product highly dissatisfied keep see advert everywhere turn,4
arsenal football corporation club destroyed fact kr en keout miss arsenal tuesday thought,4
june time get angry word action past sometimes angry,4
not good place today feel really angry no job see future face,4
angry racist,4
tire help,4
see horrible story outrageous disgust behaviour totally not acceptable,4
see horrible story outrageous disgust behaviour totally not acceptable,4
yup standard liberal fat angry ugly,4
see horrible story outrageous disgust behaviour totally not acceptable,4
see horrible story outrageous disgust behaviour totally not acceptable,4
see horrible story outrageous disgust behaviour totally not acceptabl,4
would interested app allows search meme multiple hashtags frog green angry,4
animaladvocate wldlife,4
manage get track number courier none work site ffs,4
pier morgan could challenge beauty salon sole trader cannot open pub ppe,4
way say angry visit post learn english learn english online,4
ok ok think everyone moment studio right no idea mad haha angry,4
look like bowsette much care bubble maybe hot air balloon one request bling,4
happy internation emotion day happy sad angry right express emotion,4
publish june stream angry rant lol literally not care sorry not sorry autism,4
perman hater want per man want pet man india want per man india love per man india support,4
angry today sick lie liberal corrupt evil look image look,4
ep fabio cherant right angry via fight story fabi ocher ant angry fighter,4
fam make mad end year streak away twitter customer service crap move,4
perhaps people look thing start panic especially unsettle time tha,4
lie lose package lie say look lie ignore,4
lie lose package lie say look lie ignore,4
lie lose package lie say look lie bein,4
seriously think broke something foot four finger play basketball,4
go live pm cdt plan ruin rain join link bio dj dj mix live twitch mix,4
think angry cause make series yet uniform cute girl angry,4
watch episode se angry boo boo tv time,4
never respond angry never make promise happy never make decision,4
people experience make angry personal growth,4
mindful thank amaze resource use time toolkit snuggle bu,4
really finity internet issue issue week upload speed drop,4
people fed trump isa laughingstock trump haitian life matter black life matter,4
people experience make angry,4
make angry disappointed cut stake high,4
people patriot digital soldier community want country back deep st,4
random angry guy happens tough sketch tough guy angry comic art artist draw,4
else notice handle grab cloth angry,4
no fecking idea love way save mum car trip man doh angry cctv wtf th confuse,4
think angry cause make series yet uniform cute girl angry,4
salt salt sir live lou la tofu twitch streamer,4
someone explain pub reopen not gym pint important hour fitness,4
request refund may cancel flight today receive email advise voucher raise,4
would interested app allows search meme multiple hashtags frog green angry,4
cat cat food angry,4
angry time angry know try mix hot water cold water try separate,4
donnie let help something seem get pretty easy keep stupid thing say,4
perman hater want per man want pet man india want per man india love per man india support,4
think angry cause make series yet uniform cute girl angry,4
think angry cause make series yet uniform cute girl angry,4
angry tire nice want go apeshit,4
patient milton learn take moment not act anger www askdrwoodchuck com,4
angry tire nice want go apeshit,4
angry tire nice want go apeshit,4
think angry cause make series yet uniform cute girl angry,4
think angry cause make series yet uniform cute girl angry,4
think angry cause make series yet uniform cute girl angry,4
angry tire nice want go apeshit,4
katie hopkins block twitter brilliant reliable lovely woman reporting,4
categorize black queen angry wow el oh el,4
not slave mood master angry depressed sore spirit,4
angry bird transformer app ape review game dev indie dev robot transformer,4
angry bird transformer app ape review game dev indie dev robot transformer,4
angry piss frustrate hurt broken tire heal recover pick piece refuse lose,4
katie hopkins block twitter brilliant reliable lovely woman reporting,4
much angry day,4
katie hopkins block twitter brilliant reliable lovely woman reporting,4
honest hurt ignore tag sad told sad damn depression fear happy feeling issue relatable angry qu,4
moment angry express angry heartbreaking,4
la tofu make cry chill angry,4
angry heartbreak consume everything good change make today everyone,4
unlock bfbbr steam angry,4
felt hopeful really clear useful call nurse gp call mansplains illness,4
hb hak wont utter word know ahab angry,4
tire help,4
angry mom training school angry mom trading schooltime shoe funniest tweet funny edit emes,4
check isabella video ik tok girl period give angry angry girl period problem period,4
cynical part critical people behavior choice furious angry,4
order controller week ago tellin white honey comb available nee,4
society come blame reverse descend order medium high education,4
government allow place make money open no gym joke know many gym,4
today one cop george floyd case confront angry shopper say,4
see credit card hand angry,4
one child return day week primary soon th year son school,4
rush around since get paperwork wont give go lose shit today,4
would interested app allows search meme multiple hashtags frog green angry,4
feel stress angry listen music alters brainwave science melt anxiety stress,4
perman hater want per man want pet man india want per man india love per man india support,4
would interested app allows search meme multiple hashtags frog green angry,4
resist orbis baggins,4
fairly outrage never get outrage one polling polling place mile town,4
would interested app allows search meme multiple hashtags frog green angry,4
activity angry worried kid,4
perman hater want per man want pet man india want per man india love per man india support,4
moment angry white man explodes black mother block mailbox living life via,4
complain bad sale operating skeleton staff answer phone angry ustoner,4
show anger via must watch anger love islam anxiety sufism dep,4
show anger via must watch anger love islam anxiety sufism dep,4
show anger via must watch anger love islam anxiety sufism dep,4
make full version angry mickey mouse knock loose,4
make full version angry mickey mouse knock loose,4
show anger via must watch anger love islam anxiety sufism,4
get angry watch news angry reporter talk angry people perform angry act neo marxi,4
perman hater want per man want pet man india want per man india love per man india support,4
understand get broken freak nowhere numb angry heartbroken,4
seem upset draw sketchbook sketch animal fox pencil sketch illustration character design angry thro furry,4
anger cause many health problem not kept check important aware take action,4
dear cop good cop proud good cop still outrage disproportionately,4
anger cause many health problem not kept check important aware tak,4
well redd come today get really excite look art realize art,4
think angry history might survive baka da,4
choose wisely angry insult mad,4
even small kid angry scold china pla kill indian soldier boycott china,4
punch bag not piece cloth fill sand use see red want get everyth,4
choose wisely angry insult mad,4
like goal others despise feel bad anyone dea,4
make smile angry right smile angry happy sad inone day lisa simpson stay safe st,4
make smile angry right smile angry happy sad inone day lisa simpson,4
publish june stream angry rant lol literally not care sorry not sorry autism female autism,4
stop violence control emotional outburst anger angry,4
stop violence control emotional outburst anger angry,4
stop violence control emotional outburst anger angry,4
stop violence control emotional outburst anger angry,4
choose wisely angry insult mad,4
angry look cat supervises watermelon thailand love community trend,4
happen talk know real know real trust apa,4
tweet angry disgruntledemployee shuffle clown,4
trust police course twitter no way ignore,4
anti road rage spray available good bike shop might need buy one though dash cam cctv,4
anti road rage spray available good bike shop might need buy one though dash cam,4
not slave mood master angry depressed sore spirit,4
swan ft mud look thread tweet lmao wait elle brooke flash ti,4
get good insult ready next time get angry people online,4
break news trump sun well need house dems start thenwatch,4
break news trump sun well need house dems start thenwatc,4
shut fuck dad not dance dance revolution kpop ugh angry pop,4
angry deject embarrass trump return home disaster standup comedy rally full,4
angry gamer noise emes emes daily monday mood monday mood funny joke laugh relate relate able,4
woah bro believe angry sister broooo,4
total lack realisation work teacher school around remote learn som,4
frenkie de jong annoyed barcelona medical staff wrong first diagnose injury,4
turn negative experience positive one constantly learn cause negative emotion customer exp,4
would interested app allows search meme multiple hashtags frog green angry,4
behold wall gammon angry white men,4
help lose business saturday change device download app,4
phone wait hour customer service problematic dishwasher installation not bosch,4
behold wall gammon angry white men,4
would interested app allows search meme multiple hashtags frog green angry,4
wait day phone call never happen ok dont needvny medication anyway angry mental health,4
perman hater want per man want pet man india want per man india love per man india support,4
perman hater want per man want pet man india want per man india love per man india support,4
happen talk know real know real trust apa,4
would interested app allows search meme multiple hashtags frog green angry,4
please see recent reply angry,4
meany golliwog cute brown person say gt angry,4
happen talk know real know real trust apa,4
road rage road rage bikers bike car angry,4
miss send application cv interview feedback sorry experience education not soc,4
set scene worth melancholy movie different bride wedding decor wedding dress,4
miss send application cv interview feedback sorry experience education not,4
would interested app allows search meme multiple hashtags frog green,4
set scene worth melancholy movie different bride wedding decor,4
infuriate angry thing anyway matter time head roll campaign,4
gm bible study luke son blind man address jesus torn anger love possible,4
tire help,4
even america anymore elderly shove child gas le fortunate,4
even america anymore elderly shove child gas le fortuna,4
mindful thank amaze resource use time toolkit sn,4
bha kt generation gap mouth common sense angry,4
bha kt generation gap mouth common sense angry,4
happen talk know real know real trust,4
gm bible study luke son blind man address jesus torn anger love possibl,4
angry bird ii album main cover forget drop th july,4
free film father murder robin williams death single father two nearly jump bridge standup comedy,4
angry deject embarrass trump return home disaster standup comedy rally full,4
free film father murder robin williams death single father two nearly jump bridge standup,4
stella angry bird stella angry bird movie angry bird,4
love go holiday afford still wait refund three previously cancel flight angry,4
want something put ur mind tag sad told sad damn depression fear happy feeling,4
make angry wtf racism like light show shit like happe,4
angry deject embarrass trump return home disaster standup comedy rally full,4
stupidity low iq crawl rock make think powerfu,4
not gonna vote really black man assault group angry white men way vote,4
thought angry look twitter angry,4
know constantly angry man risk verbal abuse physical abuse wonder make hi,4
angry deject embarrass trump return home disaster standup comedy rally full,4
bollock hospital call another piss telephone consultation thursday bloody useless,4
feel like banging head brick wall come one phone call could resolve everythin,4
else notice jerusalem go every kind mood calm angry happy diver state mood etc,4
blimey betty follow honour suggest take pant,4
please sort quick take money time no reply angry bad customer service,4
please sort quick take money time no reply angry bad customer service,4
free film father murder robin williams death single father two nearly jump bridge standup,4
george flyod police hear scream day world hears rest peace new,4
john bolton man scorn become bitter angry dangerous bad,4
seem upset draw sketchbook sketch animal fox pencil sketch illustration character design angry,4
get angry accept submit injustice thrust upon,4
fuck look dog soft witter dog mean angry,4
little angry girl know reason anger make beautiful like draw ex,4
anybody else feel dominic cun ming go drive people angry thrown shelter,4
leaveeee dotn even say bro ur sick scene angry fuck mad,4
not mad angry connive man bolton bolton book bolton interview pirate edition john bolton,4
tame monster angry egotistic grateful positive vibe stay safe,4
monday morning bad share moan moanrantwhine rant whine moan moan day angry fed tweet,4
full broken thought cannot repair tag,4
fuck people tag sad told sad damn depression fear happy feeling issue relatable angry quote,4
im broken think unknown tag sad told sad damn depression fear happy feeling issue,4
someone say im tire please check mentally tire ik tag sad told sad damn,4
busy ghost forgot home tag sad told sad damn depression fear happy,4
hate unimportant people important unknown tag sad told sad damn,4
imagine lose ur best friend hit bad lose ur partner tag sad told sad damn depression,4
anyone else get attention white crayon tag sad told sad damn depression fear happy feeling,4
anyone else get attention white crayon tag sad told sad damn depression fear happy,4
honest hurt ignore tag sad told sad damn depression fear happy feeling issue relatable,4
know friend feel like no one talk shit go head unknown ignore,4
type anger one angry inspiration,4
im go take time twitter cant right trigger hurt angry,4
mayor sends hatchet man stooge cpd reformer nope anything distract crappy job rioter,4
sorry dick bro would mad pay hooker lie angry everythi,4
not clean cant stay aunt selfish take take make,4
animal cross version doggo make friend want angry pup computer,4
look octopus relax octopus red stuff animal cute,4
angry word shard glass wound cross path elder lenore aar ti la art,4
anger translator funny clip note contains swear angry funny people online http,4
anger translator funny clip note contains swear angry funny people online,4
dear cop good cop proud good cop still outrage disproportionately,4
dog smell corona virus via mall church angry conspiracy comedy film,4
uh puppy puffy charm web comic pixel comic couple comic ig comic digital art marshmallow sketch,4
feel time angry defeat want happy,4
uh puppy puffy charm web comic pixel comic couple comic ig comic digital art marshmallow sketch,4
uh puppy puffy charm web comic pixel comic couple comic ig comic digital art marshmallow,4
song angry today,4
bother play follow unfollow game always block angry,4
notice many angry post many time angry hiding fear anxiety underneath,4
notice many angry post many time angry hiding fear anxiety underneath,4
violence could maybe reflect feel way reach mental health counselor,4
michelle obama encourages graduate increase activism beyond hashtags ever let anyone tell th,4
hold two separate thing mind lovely family wonderful life irritate,4
dear cop good cop proud good cop still outrage disproportionately,4
hollman travis take article anything positive right twitter,4
trump suspect chinese role coronavirus creation time indian cod mr rawat state not lab,4
mr president angry madness go around country consititution,4
take fuck rubbish home dartmoor litter litter pick dartmoor national park angry furious huma,4
take fuck rubbish home dartmoor litter litter pick dartmoor national park angry furious huma,4
take fuck rubbish home dartmoor litter litter pick dartmoor national park angry furious,4
say provoke parallax anything wrong fault lexia pi,4
con unfortunately proud need see con realis,4
gutted cruel nasty person slash two tyre seriously people nothing well time sad angry,4
dear cop good cop proud good cop still outrage disproportionately,4
find angry would anyone destroy historical statue would anyone say,4
never respond angry never make promise happy never make decision sad,4
cat box sunday catbox car altercation wheel drive icecream truck cat soft witter cat catur day dr,4
howay ref man pre season friendly book foul man angry ufc,4
cancel email hell go angry,4
dear cop good cop proud good cop still outrage disproportionately,4
ten year toxic tory angry hell dont leave challenge,4
cat box sunday catbox car altercation wheel drive icecream truck cat soft witter cat catur day dr,4
love friend lauren not tell get hair extension angry,4
friend mine work nh told nightingale hospital actually,4
social medium platform grow right wing racist move drove far right ed,4
cat box sunday catbox car altercation wheel drive icecream truck cat soft witter cat,4
michelle obama encourages graduate increase activism beyond hashtags ever let anyone tell th,4
know today thousand feel like father day angry late lock,4
swear search destroy make mad angry call duty modern warfare game,4
whilst strong feeling commission not monopoly consider android,4
angry aft yr leave mohamed title terrorist smore holier thn ldo big ian,4
angry aft yr leave mohamed title terrorist smore holier thn ldo,4
ya jeppa understand lucky get season without player test positive,4
kajifa daman nii ansanni da mlsn mangawa stop co love arewahome,4
anybody become angry easy angry right person right degree rig,4
happy person angry citizen lewis black simply standup happy angry emotion citizen,4
dear cop good cop proud good cop still outrage disproportionately,4
fact many teacher paid little underpaid work crazy hour buy thing class roo,4
sick allow page try claim hate new try hussle,4
come watch get even salty last la tofu salty angry twitch,4
dear cop good cop proud good cop still outrage disproportionately,4
dear cop good cop proud good cop still outrage disproportionately,4
